cardnumber,surname,firstname,branchcode,categorycode,dateofbirth,email,phone,address,city,zipcode,userid,sex
LIB000001,Gibson,Ella,CPL,PT,1979-03-15,egibson@example.com,07738156155,148 School Lane,Edinburgh,EH1 1AA,egibson,F
LIB000002,Fleming,Alexander,CPL,PT,1985-08-15,afleming@example.com,07741648435,131 Orchard Way,Leeds,LS1 1BA,afleming,M
LIB000003,Moore,Ryan,CPL,PT,1971-02-18,rmoore@example.com,07745635332,71 Church Lane,Cardiff,CF1 1AA,rmoore,M
LIB000004,Hall,Sophia,CPL,PT,1978-05-04,shall@example.com,07771718119,70 Elm Close,Bradford,BD1 1AA,shall,F
LIB000005,Robinson,Mason,CPL,PT,1998-11-27,mrobinson@example.com,07764991737,133 School Lane,Belfast,BT1 1AA,mrobinson,M
LIB000006,Young,Emily,CPL,PT,1995-03-01,eyoung@example.com,07791501439,99 Park Road,Edinburgh,EH1 1AA,eyoung,F
LIB000007,Gray,Abigail,CPL,PT,1955-08-11,agray@example.com,07710873431,3 School Lane,Sheffield,S1 1AA,agray,F
LIB000008,Hall,Aiden,CPL,PT,1954-11-18,ahall@example.com,07706433390,168 Elm Close,Leicester,LE1 1AA,ahall,M
LIB000009,Jones,Logan,CPL,PT,1962-05-10,ljones@example.com,07797932246,163 Park Road,Bristol,BS1 1AA,ljones,M
LIB000010,Evans,Benjamin,CPL,PT,1985-10-26,bevans@example.com,07797751389,79 Oak Drive,Cardiff,CF1 1AA,bevans,M
LIB000011,Edwards,Owen,CPL,PT,2004-08-01,oedwards@example.com,07787878570,133 Green Lane,Leeds,LS1 1BA,oedwards,M
LIB000012,Davies,Ella,CPL,PT,1999-02-01,edavies@example.com,07777480777,149 Mill Lane,Sheffield,S1 1AA,edavies,F
LIB000013,Robinson,Owen,CPL,PT,1988-11-03,orobinson@example.com,07774205650,119 Orchard Way,London,EC1A 1BB,orobinson,M
LIB000014,Wright,Mia,CPL,PT,1998-05-21,mwright@example.com,07739137904,122 Manor Way,Belfast,BT1 1AA,mwright,F
LIB000015,Johnson,James,CPL,PT,1992-01-14,jjohnson@example.com,07778723204,110 Park Road,Leeds,LS1 1BA,jjohnson,M
LIB000016,Campbell,Harper,CPL,PT,1994-02-13,hcampbell@example.com,07777135818,99 Mill Lane,Manchester,M1 2AB,hcampbell,F
LIB000017,Edwards,Madison,CPL,PT,1968-08-11,medwards@example.com,07732425283,83 Manor Way,Manchester,M1 2AB,medwards,F
LIB000018,Lewis,Jacob,CPL,PT,1986-09-18,jlewis@example.com,07730941276,53 Castle Road,Glasgow,G1 1AA,jlewis,M
LIB000019,White,Sebastian,CPL,PT,1974-01-02,swhite@example.com,07759446249,173 Green Lane,Leicester,LE1 1AA,swhite,M
LIB000020,Fox,Victoria,CPL,PT,1999-09-27,vfox@example.com,07720471634,176 Victoria Road,Glasgow,G1 1AA,vfox,F
LIB000021,Fleming,Sofia,CPL,PT,1967-06-08,sfleming@example.com,07719093788,120 Park Road,Glasgow,G1 1AA,sfleming,F
LIB000022,Davies,Scarlett,CPL,PT,1960-12-11,sdavies@example.com,07764126327,158 School Lane,Manchester,M1 2AB,sdavies,F
LIB000023,Evans,Alexander,CPL,PT,1996-09-07,aevans@example.com,07764597145,118 Oak Drive,Glasgow,G1 1AA,aevans,M
LIB000024,Hill,Jackson,CPL,PT,1986-04-14,jhill@example.com,07754532003,130 Park Road,Cardiff,CF1 1AA,jhill,M
LIB000025,Cooper,Charlotte,CPL,PT,1990-04-11,ccooper@example.com,07718000411,113 School Lane,Bradford,BD1 1AA,ccooper,F
LIB000026,Gray,Jackson,CPL,PT,1965-01-02,jgray@example.com,07718505967,126 Oak Drive,Manchester,M1 2AB,jgray,M
LIB000027,Bryant,Oliver,CPL,PT,1983-03-28,obryant@example.com,07756847516,57 High Street,Glasgow,G1 1AA,obryant,M
LIB000028,Wilson,Logan,CPL,PT,1970-02-06,lwilson@example.com,07770502010,185 Elm Close,Cardiff,CF1 1AA,lwilson,M
LIB000029,Jones,Owen,CPL,PT,1990-02-12,ojones@example.com,07775288739,3 Green Lane,Coventry,CV1 1AA,ojones,M
LIB000030,Fleming,Sophia,CPL,PT,1966-02-28,sfleming1@example.com,07728828301,102 Park Road,Liverpool,L1 1AA,sfleming1,F
LIB000031,Johnson,Daniel,CPL,PT,1988-03-08,djohnson@example.com,07768866795,55 Green Lane,Bradford,BD1 1AA,djohnson,M
LIB000032,Rice,Daniel,CPL,PT,1965-02-10,drice@example.com,07780502032,74 Oak Drive,Glasgow,G1 1AA,drice,M
LIB000033,Morgan,Aiden,CPL,PT,1995-01-14,amorgan@example.com,07795313519,48 Mill Lane,Cardiff,CF1 1AA,amorgan,M
LIB000034,Jackson,Alice,CPL,PT,1965-01-05,ajackson@example.com,07765496472,165 The Avenue,Edinburgh,EH1 1AA,ajackson,F
LIB000035,Phillips,Ryan,CPL,PT,2004-01-06,rphillips@example.com,07707896411,63 Orchard Way,Bristol,BS1 1AA,rphillips,M
LIB000036,Morris,Victoria,CPL,PT,1996-11-20,vmorris@example.com,07717711173,151 Orchard Way,Bradford,BD1 1AA,vmorris,F
LIB000037,Parker,Emily,CPL,PT,1987-03-14,eparker@example.com,07722587317,153 Mill Lane,Manchester,M1 2AB,eparker,F
LIB000038,Jones,Jack,CPL,PT,1993-02-10,jjones@example.com,07740792386,45 Station Road,Coventry,CV1 1AA,jjones,M
LIB000039,Robinson,Charlotte,CPL,PT,1968-01-24,crobinson@example.com,07799806188,198 Church Lane,Sheffield,S1 1AA,crobinson,F
LIB000040,Green,Sophia,CPL,PT,1954-02-20,sgreen@example.com,07764892700,107 Victoria Road,Sheffield,S1 1AA,sgreen,F
LIB000041,Wilson,Emily,CPL,PT,1969-11-09,ewilson@example.com,07735212612,107 Station Road,London,EC1A 1BB,ewilson,F
LIB000042,Jones,Jackson,CPL,PT,1971-08-04,jjones1@example.com,07735750476,97 Castle Road,Manchester,M1 2AB,jjones1,M
LIB000043,Campbell,Jackson,CPL,PT,2000-10-11,jcampbell@example.com,07771709410,45 Victoria Road,Belfast,BT1 1AA,jcampbell,M
LIB000044,Johnson,Sebastian,CPL,PT,1999-11-15,sjohnson@example.com,07783127357,170 Station Road,Cardiff,CF1 1AA,sjohnson,M
LIB000045,Walker,Daniel,CPL,PT,2001-01-03,dwalker@example.com,07788371237,103 Castle Road,Leeds,LS1 1BA,dwalker,M
LIB000046,Ward,Jackson,CPL,PT,1979-10-21,jward@example.com,07709551850,63 Mill Lane,Belfast,BT1 1AA,jward,M
LIB000047,Smith,Amelia,CPL,PT,2003-02-01,asmith@example.com,07704299318,13 High Street,Leicester,LE1 1AA,asmith,F
LIB000048,Hill,Harper,CPL,PT,1957-03-12,hhill@example.com,07775061557,78 Mill Lane,Leicester,LE1 1AA,hhill,F
LIB000049,Harris,Jackson,CPL,PT,1974-06-16,jharris@example.com,07773531704,6 Station Road,Leeds,LS1 1BA,jharris,M
LIB000050,Phillips,Owen,CPL,PT,1950-10-17,ophillips@example.com,07718597764,190 Manor Way,Manchester,M1 2AB,ophillips,M
LIB000051,Scott,Jackson,CPL,PT,2005-10-03,jscott@example.com,07749262497,97 Victoria Road,London,EC1A 1BB,jscott,M
LIB000052,Roberts,Emily,CPL,PT,2003-08-25,eroberts@example.com,07717674627,173 Park Road,Edinburgh,EH1 1AA,eroberts,F
LIB000053,Robinson,Oliver,CPL,PT,1968-02-02,orobinson1@example.com,07729462828,68 The Avenue,Cardiff,CF1 1AA,orobinson1,M
LIB000054,Jones,Jacob,CPL,PT,1994-10-06,jjones2@example.com,07760880805,100 Orchard Way,Birmingham,B1 1BB,jjones2,M
LIB000055,Fox,Benjamin,CPL,PT,2003-04-15,bfox@example.com,07786471911,112 Victoria Road,Sheffield,S1 1AA,bfox,M
LIB000056,Turner,Jacob,CPL,PT,1953-06-19,jturner@example.com,07754897215,173 Manor Way,Liverpool,L1 1AA,jturner,M
LIB000057,Scott,Jack,CPL,PT,1962-06-19,jscott1@example.com,07710929509,146 Green Lane,Leeds,LS1 1BA,jscott1,M
LIB000058,Watson,Oliver,CPL,PT,1973-09-01,owatson@example.com,07787011195,182 Oak Drive,London,EC1A 1BB,owatson,M
LIB000059,Morris,Bob,CPL,PT,1966-03-12,bmorris@example.com,07700634602,4 Station Road,Coventry,CV1 1AA,bmorris,M
LIB000060,Moore,Emma,CPL,PT,1955-04-04,emoore@example.com,07783104031,76 Orchard Way,Glasgow,G1 1AA,emoore,F
LIB000061,Walker,Harper,CPL,PT,1972-04-02,hwalker@example.com,07749859064,168 The Avenue,Bristol,BS1 1AA,hwalker,F
LIB000062,Thomas,Henry,CPL,PT,1997-01-11,hthomas@example.com,07779753686,71 Station Road,Belfast,BT1 1AA,hthomas,M
LIB000063,Taylor,William,CPL,PT,1956-03-13,wtaylor@example.com,07714944610,172 School Lane,Sheffield,S1 1AA,wtaylor,M
LIB000064,Clarke,Oliver,CPL,PT,1976-10-20,oclarke@example.com,07712721905,131 High Street,Bristol,BS1 1AA,oclarke,M
LIB000065,Williams,Amelia,CPL,PT,1967-01-18,awilliams@example.com,07752447727,52 Park Road,Nottingham,NG1 1AA,awilliams,F
LIB000066,Phillips,Daniel,CPL,PT,1976-07-07,dphillips@example.com,07749443310,139 Victoria Road,Birmingham,B1 1BB,dphillips,M
LIB000067,Green,Emma,CPL,PT,1974-08-26,egreen@example.com,07751152347,82 Oak Drive,Birmingham,B1 1BB,egreen,F
LIB000068,Fleming,Sebastian,CPL,PT,1991-02-17,sfleming2@example.com,07751098167,2 Orchard Way,Belfast,BT1 1AA,sfleming2,M
LIB000069,Johnson,James,CPL,PT,1963-09-28,jjohnson1@example.com,07769507039,162 Station Road,Birmingham,B1 1BB,jjohnson1,M
LIB000070,Phillips,Victoria,CPL,PT,1972-08-13,vphillips@example.com,07772034474,124 Station Road,Nottingham,NG1 1AA,vphillips,F
LIB000071,Morgan,Amelia,CPL,PT,1961-06-22,amorgan1@example.com,07726903106,157 School Lane,Nottingham,NG1 1AA,amorgan1,F
LIB000072,Roberts,Benjamin,CPL,PT,1980-12-13,broberts@example.com,07732105727,112 Victoria Road,Sheffield,S1 1AA,broberts,M
LIB000073,Morgan,Aiden,CPL,PT,1972-12-09,amorgan2@example.com,07731349508,18 Oak Drive,Manchester,M1 2AB,amorgan2,M
LIB000074,Smith,Logan,CPL,PT,1978-04-24,lsmith@example.com,07734424854,154 Oak Drive,Nottingham,NG1 1AA,lsmith,M
LIB000075,Baker,Scarlett,CPL,PT,1965-01-26,sbaker@example.com,07786730658,140 Victoria Road,London,EC1A 1BB,sbaker,F
LIB000076,Young,Alice,CPL,PT,1967-06-21,ayoung@example.com,07706959577,87 Orchard Way,London,EC1A 1BB,ayoung,F
LIB000077,Edwards,Madison,CPL,PT,1950-04-08,medwards1@example.com,07720807225,186 Park Road,Birmingham,B1 1BB,medwards1,F
LIB000078,Lewis,Henry,CPL,PT,1957-08-13,hlewis@example.com,07720620469,38 Elm Close,Manchester,M1 2AB,hlewis,M
LIB000079,Davies,James,CPL,PT,2002-01-02,jdavies@example.com,07728779621,85 Elm Close,Nottingham,NG1 1AA,jdavies,M
LIB000080,Davies,Owen,CPL,PT,1980-12-13,odavies@example.com,07716124345,103 Victoria Road,Manchester,M1 2AB,odavies,M
LIB000081,Wood,Elizabeth,CPL,PT,1995-10-21,ewood@example.com,07718766532,77 Green Lane,Coventry,CV1 1AA,ewood,F
LIB000082,Edwards,Ryan,CPL,PT,1998-01-14,redwards@example.com,07777317524,130 Mill Lane,Leeds,LS1 1BA,redwards,M
LIB000083,Wright,Madison,CPL,PT,1976-02-20,mwright1@example.com,07701780976,63 Victoria Road,Sheffield,S1 1AA,mwright1,F
LIB000084,Scott,Aiden,CPL,PT,2003-12-13,ascott@example.com,07736503434,170 The Avenue,Nottingham,NG1 1AA,ascott,M
LIB000085,Jackson,Madison,CPL,PT,1961-02-16,mjackson@example.com,07764106665,102 High Street,Cardiff,CF1 1AA,mjackson,F
LIB000086,Morris,William,CPL,PT,1997-02-02,wmorris@example.com,07742255461,51 Brook Street,Liverpool,L1 1AA,wmorris,M
LIB000087,Johnson,Owen,CPL,PT,1990-11-02,ojohnson@example.com,07781638636,28 School Lane,Bradford,BD1 1AA,ojohnson,M
LIB000088,Davies,Emily,CPL,PT,1954-09-20,edavies1@example.com,07789046568,196 Orchard Way,Manchester,M1 2AB,edavies1,F
LIB000089,Martin,Samuel,CPL,PT,1954-10-11,smartin@example.com,07785983018,66 Church Lane,Glasgow,G1 1AA,smartin,M
LIB000090,Baker,Lucas,CPL,PT,1954-01-19,lbaker@example.com,07703216387,192 Brook Street,Bradford,BD1 1AA,lbaker,M
LIB000091,Wilson,Sofia,CPL,PT,1999-09-15,swilson@example.com,07712120252,155 Oak Drive,Coventry,CV1 1AA,swilson,F
LIB000092,Moore,Mia,CPL,PT,1996-03-09,mmoore@example.com,07724565914,29 Manor Way,London,EC1A 1BB,mmoore,F
LIB000093,Green,Victoria,CPL,PT,1986-10-17,vgreen@example.com,07724885497,69 School Lane,Leeds,LS1 1BA,vgreen,F
LIB000094,Morgan,Ethan,CPL,PT,1991-10-27,emorgan@example.com,07799741953,142 Elm Close,Bristol,BS1 1AA,emorgan,M
LIB000095,Shaw,Harper,CPL,PT,1950-04-04,hshaw@example.com,07772403404,167 Elm Close,Cardiff,CF1 1AA,hshaw,F
LIB000096,Hill,Sebastian,CPL,PT,1987-11-05,shill@example.com,07736728254,189 High Street,Manchester,M1 2AB,shill,M
LIB000097,Morris,Daniel,CPL,PT,2005-03-20,dmorris@example.com,07765232148,4 Elm Close,Bradford,BD1 1AA,dmorris,M
LIB000098,Edwards,Sebastian,CPL,PT,1950-01-19,sedwards@example.com,07772926359,97 High Street,Belfast,BT1 1AA,sedwards,M
LIB000099,Fleming,Henry,CPL,PT,1972-09-20,hfleming@example.com,07724138766,97 Manor Way,Manchester,M1 2AB,hfleming,M
LIB000100,Baker,Owen,CPL,PT,1992-06-21,obaker@example.com,07736418082,15 Manor Way,Bristol,BS1 1AA,obaker,M
LIB000101,Brown,Victoria,CPL,PT,1995-07-10,vbrown@example.com,07718271808,48 Mill Lane,Glasgow,G1 1AA,vbrown,F
LIB000102,Wood,Ryan,CPL,PT,1969-07-08,rwood@example.com,07706519195,143 Park Road,Leicester,LE1 1AA,rwood,M
LIB000103,Clarke,Ethan,CPL,PT,1965-09-08,eclarke@example.com,07779544071,123 Mill Lane,Birmingham,B1 1BB,eclarke,M
LIB000104,Cooper,Mia,CPL,PT,1992-06-06,mcooper@example.com,07735379440,37 High Street,London,EC1A 1BB,mcooper,F
LIB000105,Morris,Alexander,CPL,PT,1980-03-17,amorris@example.com,07716869847,135 Brook Street,Liverpool,L1 1AA,amorris,M
LIB000106,Green,Harper,CPL,PT,1964-05-11,hgreen@example.com,07760691695,96 Green Lane,London,EC1A 1BB,hgreen,F
LIB000107,Smith,Ella,CPL,PT,1955-12-18,esmith@example.com,07723624393,139 Park Road,Nottingham,NG1 1AA,esmith,F
LIB000108,Robinson,Isabella,CPL,PT,1998-05-26,irobinson@example.com,07796634518,100 Park Road,Edinburgh,EH1 1AA,irobinson,F
LIB000109,Morgan,Bob,CPL,PT,2003-02-13,bmorgan@example.com,07761367315,66 Station Road,Belfast,BT1 1AA,bmorgan,M
LIB000110,Ward,Jackson,CPL,PT,1968-01-23,jward1@example.com,07715996952,196 Church Lane,Edinburgh,EH1 1AA,jward1,M
LIB000111,Smith,Daniel,CPL,PT,1997-11-12,dsmith@example.com,07755080127,86 Church Lane,Bristol,BS1 1AA,dsmith,M
LIB000112,Scott,Oliver,CPL,PT,1988-11-17,oscott@example.com,07782724694,152 Castle Road,Bristol,BS1 1AA,oscott,M
LIB000113,Hill,Logan,CPL,PT,1954-02-12,lhill@example.com,07763974331,3 Church Lane,Belfast,BT1 1AA,lhill,M
LIB000114,Edwards,Sophia,CPL,PT,2004-09-23,sedwards1@example.com,07741671211,109 Elm Close,Coventry,CV1 1AA,sedwards1,F
LIB000115,Edwards,Ella,CPL,PT,1978-06-05,eedwards@example.com,07742570502,51 Oak Drive,Bristol,BS1 1AA,eedwards,F
LIB000116,Walker,Victoria,CPL,PT,1977-11-26,vwalker@example.com,07706700006,35 Elm Close,Sheffield,S1 1AA,vwalker,F
LIB000117,Robinson,Henry,CPL,PT,1961-09-28,hrobinson@example.com,07788140976,88 The Avenue,Bristol,BS1 1AA,hrobinson,M
LIB000118,Parker,Abigail,CPL,PT,2003-03-07,aparker@example.com,07708554184,7 Church Lane,London,EC1A 1BB,aparker,F
LIB000119,Taylor,Bob,CPL,PT,1964-07-24,btaylor@example.com,07752509766,92 Victoria Road,Leicester,LE1 1AA,btaylor,M
LIB000120,Thompson,Sofia,CPL,PT,1997-02-09,sthompson@example.com,07747628319,9 Brook Street,Cardiff,CF1 1AA,sthompson,F
LIB000121,Roberts,Jacob,CPL,PT,1972-12-25,jroberts@example.com,07728903812,98 Orchard Way,Birmingham,B1 1BB,jroberts,M
LIB000122,Thompson,Elizabeth,CPL,PT,1967-03-13,ethompson@example.com,07715176599,161 Elm Close,Liverpool,L1 1AA,ethompson,F
LIB000123,Hill,Oliver,CPL,PT,1969-10-13,ohill@example.com,07751205347,36 The Avenue,Cardiff,CF1 1AA,ohill,M
LIB000124,Walker,James,CPL,PT,1953-07-13,jwalker@example.com,07721380031,43 Park Road,Leicester,LE1 1AA,jwalker,M
LIB000125,Jones,Emma,CPL,PT,1994-06-10,ejones@example.com,07756590801,18 Church Lane,Cardiff,CF1 1AA,ejones,F
LIB000126,Murray,Alice,CPL,PT,1953-04-15,amurray@example.com,07776388428,115 Elm Close,Cardiff,CF1 1AA,amurray,F
LIB000127,Campbell,Emily,CPL,PT,2005-08-07,ecampbell@example.com,07711993664,64 The Avenue,Edinburgh,EH1 1AA,ecampbell,F
LIB000128,Turner,Sophia,CPL,PT,1983-05-04,sturner@example.com,07744384686,199 Church Lane,Birmingham,B1 1BB,sturner,F
LIB000129,Wilson,William,CPL,PT,1958-06-26,wwilson@example.com,07760617348,107 Mill Lane,Bristol,BS1 1AA,wwilson,M
LIB000130,Thomas,Madison,CPL,PT,1980-09-22,mthomas@example.com,07797350836,40 Mill Lane,Edinburgh,EH1 1AA,mthomas,F
LIB000131,Thomas,Ethan,CPL,PT,1971-10-20,ethomas@example.com,07740862034,162 Orchard Way,Manchester,M1 2AB,ethomas,M
LIB000132,Campbell,William,CPL,PT,1964-12-26,wcampbell@example.com,07722976731,183 Castle Road,Coventry,CV1 1AA,wcampbell,M
LIB000133,Phillips,Ella,CPL,PT,1965-10-10,ephillips@example.com,07742463203,91 Brook Street,Leicester,LE1 1AA,ephillips,F
LIB000134,White,Henry,CPL,PT,2004-01-08,hwhite@example.com,07716830263,146 Brook Street,Belfast,BT1 1AA,hwhite,M
LIB000135,Williams,Charlotte,CPL,PT,1957-04-27,cwilliams@example.com,07733115969,82 Manor Way,Glasgow,G1 1AA,cwilliams,F
LIB000136,Bryant,Amelia,CPL,PT,1951-11-28,abryant@example.com,07756123852,109 Victoria Road,Sheffield,S1 1AA,abryant,F
LIB000137,Gray,Mason,CPL,PT,1984-12-25,mgray@example.com,07701923637,167 Station Road,Cardiff,CF1 1AA,mgray,M
LIB000138,Williams,James,CPL,PT,1964-10-05,jwilliams@example.com,07769162596,11 Park Road,Sheffield,S1 1AA,jwilliams,M
LIB000139,Green,Mia,CPL,PT,1986-04-19,mgreen@example.com,07730752731,183 Mill Lane,Leicester,LE1 1AA,mgreen,F
LIB000140,Robinson,Jackson,CPL,PT,1950-04-01,jrobinson@example.com,07795443131,128 School Lane,Belfast,BT1 1AA,jrobinson,M
LIB000141,Shaw,Scarlett,CPL,PT,1982-01-23,sshaw@example.com,07765499255,124 Park Road,Nottingham,NG1 1AA,sshaw,F
LIB000142,Murray,Sophia,CPL,PT,2004-10-22,smurray@example.com,07728680211,61 Oak Drive,Sheffield,S1 1AA,smurray,F
LIB000143,Wright,Aiden,CPL,PT,1993-05-26,awright@example.com,07733128131,139 Manor Way,Manchester,M1 2AB,awright,M
LIB000144,Young,Victoria,CPL,PT,1974-12-25,vyoung@example.com,07783602114,78 Church Lane,Cardiff,CF1 1AA,vyoung,F
LIB000145,Robinson,Jack,CPL,PT,1967-08-22,jrobinson1@example.com,07742050617,115 Manor Way,Glasgow,G1 1AA,jrobinson1,M
LIB000146,Thompson,Daniel,CPL,PT,1974-10-28,dthompson@example.com,07723659245,170 Oak Drive,Nottingham,NG1 1AA,dthompson,M
LIB000147,Roberts,Benjamin,CPL,PT,1964-06-21,broberts1@example.com,07795821306,72 Elm Close,Sheffield,S1 1AA,broberts1,M
LIB000148,Robinson,Emily,CPL,PT,1970-09-17,erobinson@example.com,07755156161,97 Church Lane,Coventry,CV1 1AA,erobinson,F
LIB000149,Robinson,Abigail,CPL,PT,1992-01-07,arobinson@example.com,07792522811,123 Mill Lane,Sheffield,S1 1AA,arobinson,F
LIB000150,Scott,Oliver,CPL,PT,1968-12-01,oscott1@example.com,07780707336,106 Park Road,Manchester,M1 2AB,oscott1,M
LIB000151,Taylor,Jackson,CPL,PT,1994-11-14,jtaylor@example.com,07791695941,23 School Lane,Leicester,LE1 1AA,jtaylor,M
LIB000152,Scott,Samuel,CPL,PT,1965-10-12,sscott@example.com,07783062489,82 Castle Road,Leicester,LE1 1AA,sscott,M
LIB000153,Taylor,Sophia,CPL,PT,1976-12-21,staylor@example.com,07740278334,79 Victoria Road,Nottingham,NG1 1AA,staylor,F
LIB000154,Hill,Mia,CPL,PT,1966-05-28,mhill@example.com,07703835803,87 Mill Lane,Birmingham,B1 1BB,mhill,F
LIB000155,Thomas,Samuel,CPL,PT,1989-06-25,sthomas@example.com,07722943984,2 Castle Road,Belfast,BT1 1AA,sthomas,M
LIB000156,Jones,Abigail,CPL,PT,1995-02-11,ajones@example.com,07775893267,98 The Avenue,Belfast,BT1 1AA,ajones,F
LIB000157,Fox,Mia,CPL,PT,1959-07-27,mfox@example.com,07758584329,118 High Street,Sheffield,S1 1AA,mfox,F
LIB000158,Bryant,Jackson,CPL,PT,2005-04-13,jbryant@example.com,07721313724,53 Station Road,Bradford,BD1 1AA,jbryant,M
LIB000159,Edwards,Amelia,CPL,PT,1972-07-03,aedwards@example.com,07738306110,130 Oak Drive,London,EC1A 1BB,aedwards,F
LIB000160,Hughes,Amelia,CPL,PT,1968-07-15,ahughes@example.com,07722589601,96 High Street,Coventry,CV1 1AA,ahughes,F
LIB000161,Martin,Mia,CPL,PT,1965-09-25,mmartin@example.com,07758500891,60 Orchard Way,Nottingham,NG1 1AA,mmartin,F
LIB000162,Thomas,Jack,CPL,PT,1979-03-02,jthomas@example.com,07784979649,29 Orchard Way,Edinburgh,EH1 1AA,jthomas,M
LIB000163,Morgan,Henry,CPL,PT,1981-09-24,hmorgan@example.com,07797964729,175 School Lane,Bristol,BS1 1AA,hmorgan,M
LIB000164,Shaw,Sebastian,CPL,PT,1985-05-05,sshaw1@example.com,07740602627,69 Elm Close,Cardiff,CF1 1AA,sshaw1,M
LIB000165,Wright,Harper,CPL,PT,1985-09-23,hwright@example.com,07733266752,181 Orchard Way,Liverpool,L1 1AA,hwright,F
LIB000166,Jones,Abigail,CPL,PT,2001-02-24,ajones1@example.com,07767515537,110 Green Lane,Liverpool,L1 1AA,ajones1,F
LIB000167,Green,Mia,CPL,PT,1989-02-04,mgreen1@example.com,07721571666,26 High Street,Cardiff,CF1 1AA,mgreen1,F
LIB000168,White,Daniel,CPL,PT,1959-02-06,dwhite@example.com,07781783467,115 Park Road,Nottingham,NG1 1AA,dwhite,M
LIB000169,Ward,Sofia,CPL,PT,1958-11-04,sward@example.com,07798756017,11 Mill Lane,Birmingham,B1 1BB,sward,F
LIB000170,Johnson,Logan,CPL,PT,1961-12-05,ljohnson@example.com,07768862470,55 Brook Street,Cardiff,CF1 1AA,ljohnson,M
LIB000171,Cooper,Victoria,CPL,PT,1996-04-10,vcooper@example.com,07787445357,198 Victoria Road,Nottingham,NG1 1AA,vcooper,F
LIB000172,Murray,Mia,CPL,PT,1978-07-22,mmurray@example.com,07794056698,149 Station Road,Belfast,BT1 1AA,mmurray,F
LIB000173,Bryant,Abigail,CPL,PT,1977-02-11,abryant1@example.com,07799005052,86 Elm Close,Bradford,BD1 1AA,abryant1,F
LIB000174,Powell,Oliver,CPL,PT,1962-11-13,opowell@example.com,07794026531,81 Castle Road,London,EC1A 1BB,opowell,M
LIB000175,Gray,Emma,CPL,PT,1971-10-25,egray@example.com,07712845941,44 Mill Lane,Edinburgh,EH1 1AA,egray,F
LIB000176,Bryant,Ryan,CPL,PT,1974-05-28,rbryant@example.com,07720295367,32 Elm Close,London,EC1A 1BB,rbryant,M
LIB000177,Harris,Sebastian,CPL,PT,1965-09-17,sharris@example.com,07773585295,41 Oak Drive,Bristol,BS1 1AA,sharris,M
LIB000178,Williams,Benjamin,CPL,PT,1998-08-20,bwilliams@example.com,07786175558,60 School Lane,Cardiff,CF1 1AA,bwilliams,M
LIB000179,Smith,Amelia,CPL,PT,1972-12-27,asmith1@example.com,07714034475,170 Brook Street,Coventry,CV1 1AA,asmith1,F
LIB000180,Watson,Jacob,CPL,PT,1990-10-05,jwatson@example.com,07702322884,113 School Lane,Coventry,CV1 1AA,jwatson,M
LIB000181,Murray,Alice,CPL,PT,1969-02-25,amurray1@example.com,07760396986,8 Brook Street,Manchester,M1 2AB,amurray1,F
LIB000182,Shaw,Owen,CPL,PT,2005-07-19,oshaw@example.com,07774407098,159 Castle Road,Leicester,LE1 1AA,oshaw,M
LIB000183,Brown,Samuel,CPL,PT,1955-09-14,sbrown@example.com,07797800520,39 Green Lane,London,EC1A 1BB,sbrown,M
LIB000184,Robinson,Isabella,CPL,PT,1992-06-09,irobinson1@example.com,07723805168,83 Brook Street,Manchester,M1 2AB,irobinson1,F
LIB000185,Parker,Lucas,CPL,PT,2001-04-01,lparker@example.com,07785903826,50 The Avenue,Belfast,BT1 1AA,lparker,M
LIB000186,Ward,Lucas,CPL,PT,1972-01-06,lward@example.com,07783890743,66 Station Road,Glasgow,G1 1AA,lward,M
LIB000187,Hall,Madison,CPL,PT,2004-05-09,mhall@example.com,07761693005,83 Brook Street,Leicester,LE1 1AA,mhall,F
LIB000188,Edwards,Madison,CPL,PT,1990-07-25,medwards2@example.com,07725914540,149 Castle Road,Sheffield,S1 1AA,medwards2,F
LIB000189,Allen,Mia,CPL,PT,2002-09-23,mallen@example.com,07788747097,33 Green Lane,Belfast,BT1 1AA,mallen,F
LIB000190,Scott,Evelyn,CPL,PT,1984-09-19,escott@example.com,07796389154,3 Castle Road,Coventry,CV1 1AA,escott,F
LIB000191,Wright,Elizabeth,CPL,PT,1989-06-15,ewright@example.com,07765420284,98 High Street,Birmingham,B1 1BB,ewright,F
LIB000192,Shaw,Victoria,CPL,PT,1981-03-02,vshaw@example.com,07762857464,148 Elm Close,Liverpool,L1 1AA,vshaw,F
LIB000193,Green,Alice,CPL,PT,1976-03-03,agreen@example.com,07762440482,23 Green Lane,London,EC1A 1BB,agreen,F
LIB000194,Fleming,Abigail,CPL,PT,2003-01-05,afleming1@example.com,07775884467,74 High Street,Liverpool,L1 1AA,afleming1,F
LIB000195,Rice,Ryan,CPL,PT,1981-09-24,rrice@example.com,07744375066,70 School Lane,Birmingham,B1 1BB,rrice,M
LIB000196,Brown,Isabella,CPL,PT,1950-12-11,ibrown@example.com,07740980098,139 Victoria Road,Belfast,BT1 1AA,ibrown,F
LIB000197,Roberts,Logan,CPL,PT,2002-01-08,lroberts@example.com,07705781581,54 Manor Way,Birmingham,B1 1BB,lroberts,M
LIB000198,Robinson,Daniel,CPL,PT,1993-11-04,drobinson@example.com,07782061538,84 Station Road,Edinburgh,EH1 1AA,drobinson,M
LIB000199,Green,Ava,CPL,PT,1954-06-11,agreen1@example.com,07776629317,28 Elm Close,Coventry,CV1 1AA,agreen1,F
LIB000200,Taylor,Evelyn,CPL,PT,1955-01-13,etaylor@example.com,07794323640,93 Orchard Way,London,EC1A 1BB,etaylor,F
LIB000201,Ward,Bob,CPL,PT,2004-09-19,bward@example.com,07754776637,122 Castle Road,Manchester,M1 2AB,bward,M
LIB000202,Evans,Owen,CPL,PT,1957-04-14,oevans@example.com,07763531510,103 Orchard Way,Belfast,BT1 1AA,oevans,M
LIB000203,Edwards,Logan,CPL,PT,1953-08-14,ledwards@example.com,07786506755,15 Mill Lane,London,EC1A 1BB,ledwards,M
LIB000204,Bryant,Elizabeth,CPL,PT,1974-05-24,ebryant@example.com,07778085968,12 Church Lane,Manchester,M1 2AB,ebryant,F
LIB000205,Murray,Alice,CPL,PT,1965-05-02,amurray2@example.com,07799511515,17 Green Lane,Edinburgh,EH1 1AA,amurray2,F
LIB000206,Ward,James,CPL,PT,1952-06-12,jward2@example.com,07796126125,180 Park Road,Birmingham,B1 1BB,jward2,M
LIB000207,Robinson,Ava,CPL,PT,1984-03-02,arobinson1@example.com,07708205822,33 Elm Close,Manchester,M1 2AB,arobinson1,F
LIB000208,Harris,Oliver,CPL,PT,1962-11-20,oharris@example.com,07711031566,56 Manor Way,Liverpool,L1 1AA,oharris,M
LIB000209,Powell,Amelia,CPL,PT,1973-12-20,apowell@example.com,07720153002,119 Church Lane,Edinburgh,EH1 1AA,apowell,F
LIB000210,Walker,William,CPL,PT,1985-05-12,wwalker@example.com,07780925792,33 School Lane,Liverpool,L1 1AA,wwalker,M
LIB000211,Harris,Isabella,CPL,PT,2003-08-17,iharris@example.com,07732926716,46 Elm Close,Birmingham,B1 1BB,iharris,F
LIB000212,Cooper,Logan,CPL,PT,1962-02-14,lcooper@example.com,07714933566,171 The Avenue,Coventry,CV1 1AA,lcooper,M
LIB000213,Williams,Harper,CPL,PT,1960-07-04,hwilliams@example.com,07711473286,4 Oak Drive,Birmingham,B1 1BB,hwilliams,F
LIB000214,Baker,Owen,CPL,PT,1985-04-08,obaker1@example.com,07754308385,45 Oak Drive,Belfast,BT1 1AA,obaker1,M
LIB000215,White,Alexander,CPL,PT,2002-10-28,awhite@example.com,07722234206,70 The Avenue,Bradford,BD1 1AA,awhite,M
LIB000216,Fox,Benjamin,CPL,PT,1981-01-01,bfox1@example.com,07728584243,163 The Avenue,Bristol,BS1 1AA,bfox1,M
LIB000217,Gibson,Alexander,CPL,PT,1953-10-09,agibson@example.com,07705797360,148 Green Lane,Sheffield,S1 1AA,agibson,M
LIB000218,Lewis,Oliver,CPL,PT,1999-06-02,olewis@example.com,07701046875,59 Station Road,Leeds,LS1 1BA,olewis,M
LIB000219,Robinson,Olivia,CPL,PT,1990-10-28,orobinson2@example.com,07778417992,1 School Lane,London,EC1A 1BB,orobinson2,F
LIB000220,Ward,Ryan,CPL,PT,1965-06-06,rward@example.com,07736400924,106 The Avenue,Liverpool,L1 1AA,rward,M
LIB000221,Edwards,Lucas,CPL,PT,1975-04-08,ledwards1@example.com,07738284023,114 Mill Lane,Bristol,BS1 1AA,ledwards1,M
LIB000222,Cooper,Samuel,CPL,PT,1979-08-10,scooper@example.com,07786078987,161 Church Lane,Bradford,BD1 1AA,scooper,M
LIB000223,Turner,Scarlett,CPL,PT,1993-05-18,sturner1@example.com,07765118353,68 Station Road,Coventry,CV1 1AA,sturner1,F
LIB000224,Thomas,Ethan,CPL,PT,1963-02-28,ethomas1@example.com,07717386116,10 Victoria Road,Bradford,BD1 1AA,ethomas1,M
LIB000225,Williams,Aiden,CPL,PT,2005-01-19,awilliams1@example.com,07785453086,98 Manor Way,Birmingham,B1 1BB,awilliams1,M
LIB000226,Gibson,Emma,CPL,PT,1952-04-22,egibson1@example.com,07735345762,41 Brook Street,Liverpool,L1 1AA,egibson1,F
LIB000227,Fox,Aria,CPL,PT,1968-03-23,afox@example.com,07736574401,159 Station Road,Liverpool,L1 1AA,afox,F
LIB000228,Morgan,Ryan,CPL,PT,2004-06-21,rmorgan@example.com,07739256678,50 Brook Street,Birmingham,B1 1BB,rmorgan,M
LIB000229,Fox,Sofia,CPL,PT,1994-08-25,sfox@example.com,07791496100,148 Station Road,Bristol,BS1 1AA,sfox,F
LIB000230,Baker,Victoria,CPL,PT,1957-08-15,vbaker@example.com,07768451049,105 Brook Street,Bradford,BD1 1AA,vbaker,F
LIB000231,Young,Emily,CPL,PT,1990-03-20,eyoung1@example.com,07720724930,26 Green Lane,Sheffield,S1 1AA,eyoung1,F
LIB000232,Cooper,Benjamin,CPL,PT,1977-12-05,bcooper@example.com,07765682630,25 Elm Close,Glasgow,G1 1AA,bcooper,M
LIB000233,Morris,Mia,CPL,PT,2004-11-10,mmorris@example.com,07725178452,88 High Street,Bradford,BD1 1AA,mmorris,F
LIB000234,Fox,Logan,CPL,PT,1982-07-14,lfox@example.com,07706564284,121 Station Road,Belfast,BT1 1AA,lfox,M
LIB000235,Murray,Benjamin,CPL,PT,1988-10-05,bmurray@example.com,07733812460,113 The Avenue,Leicester,LE1 1AA,bmurray,M
LIB000236,Bryant,Jacob,CPL,PT,1996-02-13,jbryant1@example.com,07796237498,193 Park Road,Birmingham,B1 1BB,jbryant1,M
LIB000237,Green,Owen,CPL,PT,1987-10-05,ogreen@example.com,07727341856,50 Manor Way,Birmingham,B1 1BB,ogreen,M
LIB000238,Young,Sophia,CPL,PT,1963-06-21,syoung@example.com,07742897653,127 School Lane,Glasgow,G1 1AA,syoung,F
LIB000239,Wood,Emily,CPL,PT,1982-02-17,ewood1@example.com,07783375212,62 Manor Way,Leicester,LE1 1AA,ewood1,F
LIB000240,Green,Amelia,CPL,PT,1966-09-06,agreen2@example.com,07711366650,193 Church Lane,Glasgow,G1 1AA,agreen2,F
LIB000241,Allen,Sebastian,CPL,PT,1995-09-01,sallen@example.com,07799169313,71 Church Lane,Birmingham,B1 1BB,sallen,M
LIB000242,Hall,Alice,CPL,PT,2005-11-12,ahall1@example.com,07777528151,46 Green Lane,Cardiff,CF1 1AA,ahall1,F
LIB000243,Smith,Scarlett,CPL,PT,1981-09-08,ssmith@example.com,07766766854,199 Station Road,Bristol,BS1 1AA,ssmith,F
LIB000244,Ward,Alice,CPL,PT,1970-05-01,award@example.com,07773807102,157 The Avenue,Coventry,CV1 1AA,award,F
LIB000245,Turner,Alice,CPL,PT,1956-01-28,aturner@example.com,07769095762,158 Oak Drive,Liverpool,L1 1AA,aturner,F
LIB000246,Turner,Henry,CPL,PT,1985-09-04,hturner@example.com,07764133085,87 Mill Lane,Cardiff,CF1 1AA,hturner,M
LIB000247,White,Charlotte,CPL,PT,1996-05-03,cwhite@example.com,07704672365,12 Castle Road,London,EC1A 1BB,cwhite,F
LIB000248,Lewis,Sophia,CPL,PT,1993-09-09,slewis@example.com,07719229753,38 Brook Street,Edinburgh,EH1 1AA,slewis,F
LIB000249,Walker,James,CPL,PT,2004-06-23,jwalker1@example.com,07766463411,174 Elm Close,Sheffield,S1 1AA,jwalker1,M
LIB000250,Rice,Emily,CPL,PT,1965-12-07,erice@example.com,07756089365,82 Orchard Way,Nottingham,NG1 1AA,erice,F
LIB000251,Gibson,Madison,CPL,PT,2000-02-06,mgibson@example.com,07764311964,21 Elm Close,Belfast,BT1 1AA,mgibson,F
LIB000252,Gray,Elizabeth,CPL,PT,1957-08-25,egray1@example.com,07770284332,163 Orchard Way,Leicester,LE1 1AA,egray1,F
LIB000253,Gray,Ava,CPL,PT,1968-12-18,agray1@example.com,07777948379,28 Church Lane,Liverpool,L1 1AA,agray1,F
LIB000254,Murray,Samuel,CPL,PT,1956-08-23,smurray1@example.com,07722463520,97 The Avenue,Glasgow,G1 1AA,smurray1,M
LIB000255,Morgan,Mia,CPL,PT,1968-02-25,mmorgan@example.com,07734005651,26 Manor Way,Edinburgh,EH1 1AA,mmorgan,F
LIB000256,Johnson,Jack,CPL,PT,2005-05-08,jjohnson2@example.com,07717911417,30 Park Road,Edinburgh,EH1 1AA,jjohnson2,M
LIB000257,Jones,Elizabeth,CPL,PT,1958-01-07,ejones1@example.com,07707991501,67 Station Road,Glasgow,G1 1AA,ejones1,F
LIB000258,Ward,Benjamin,CPL,PT,1979-06-12,bward1@example.com,07736625823,49 Brook Street,London,EC1A 1BB,bward1,M
LIB000259,Gray,Aria,CPL,PT,1969-11-08,agray2@example.com,07713037812,145 Park Road,London,EC1A 1BB,agray2,F
LIB000260,Hughes,William,CPL,PT,1977-09-03,whughes@example.com,07712274660,41 Victoria Road,Sheffield,S1 1AA,whughes,M
LIB000261,Walker,Emma,CPL,PT,1983-03-27,ewalker@example.com,07713299347,154 Elm Close,London,EC1A 1BB,ewalker,F
LIB000262,Hill,Ryan,CPL,PT,1990-09-23,rhill@example.com,07744159286,186 Elm Close,Cardiff,CF1 1AA,rhill,M
LIB000263,Thomas,Oliver,CPL,PT,2000-07-13,othomas@example.com,07747506722,190 The Avenue,Leeds,LS1 1BA,othomas,M
LIB000264,Phillips,Evelyn,CPL,PT,1972-09-09,ephillips1@example.com,07742686632,41 School Lane,Leicester,LE1 1AA,ephillips1,F
LIB000265,Martin,Aria,CPL,PT,2005-07-07,amartin@example.com,07709721769,95 Church Lane,Bradford,BD1 1AA,amartin,F
LIB000266,Morris,Ryan,CPL,PT,1953-10-20,rmorris@example.com,07746827459,23 Castle Road,Leeds,LS1 1BA,rmorris,M
LIB000267,Shaw,Benjamin,CPL,PT,1971-03-13,bshaw@example.com,07743382025,76 School Lane,Coventry,CV1 1AA,bshaw,M
LIB000268,Lewis,Scarlett,CPL,PT,1974-03-11,slewis1@example.com,07731368426,170 Orchard Way,Leicester,LE1 1AA,slewis1,F
LIB000269,Thompson,Emily,CPL,PT,1979-09-08,ethompson1@example.com,07714485939,75 Orchard Way,London,EC1A 1BB,ethompson1,F
LIB000270,Thompson,Bob,CPL,PT,1988-04-28,bthompson@example.com,07794624383,169 School Lane,Leeds,LS1 1BA,bthompson,M
LIB000271,Harris,Mia,CPL,PT,1989-10-27,mharris@example.com,07779695437,69 Green Lane,Coventry,CV1 1AA,mharris,F
LIB000272,Turner,Elizabeth,CPL,PT,1968-05-21,eturner@example.com,07739385815,61 Station Road,Glasgow,G1 1AA,eturner,F
LIB000273,Powell,Sebastian,CPL,PT,1965-03-25,spowell@example.com,07785947844,109 Church Lane,Bristol,BS1 1AA,spowell,M
LIB000274,Edwards,Samuel,CPL,PT,1962-12-06,sedwards2@example.com,07713918978,147 Elm Close,Nottingham,NG1 1AA,sedwards2,M
LIB000275,Morris,Mia,CPL,PT,1970-08-20,mmorris1@example.com,07727560772,61 The Avenue,Cardiff,CF1 1AA,mmorris1,F
LIB000276,Shaw,Evelyn,CPL,PT,1966-08-15,eshaw@example.com,07775124531,29 Mill Lane,Manchester,M1 2AB,eshaw,F
LIB000277,Brown,Abigail,CPL,PT,1992-01-17,abrown@example.com,07741133887,8 Victoria Road,Glasgow,G1 1AA,abrown,F
LIB000278,Thompson,Emily,CPL,PT,1999-09-02,ethompson2@example.com,07716843180,51 Victoria Road,Edinburgh,EH1 1AA,ethompson2,F
LIB000279,Jones,Owen,CPL,PT,1954-04-14,ojones1@example.com,07752055190,19 Castle Road,Bristol,BS1 1AA,ojones1,M
LIB000280,Hall,Ethan,CPL,PT,2004-11-17,ehall@example.com,07793304449,193 Mill Lane,Glasgow,G1 1AA,ehall,M
LIB000281,Johnson,Abigail,CPL,PT,1979-02-15,ajohnson@example.com,07786325799,38 Elm Close,Leicester,LE1 1AA,ajohnson,F
LIB000282,Watson,Sophia,CPL,PT,1957-08-24,swatson@example.com,07767837195,35 Orchard Way,Sheffield,S1 1AA,swatson,F
LIB000283,Hughes,Logan,CPL,PT,1983-09-05,lhughes@example.com,07726584310,169 Manor Way,Leeds,LS1 1BA,lhughes,M
LIB000284,Campbell,Logan,CPL,PT,1966-07-05,lcampbell@example.com,07777635098,32 The Avenue,Manchester,M1 2AB,lcampbell,M
LIB000285,Wright,Ava,CPL,PT,1953-11-21,awright1@example.com,07777263289,76 Brook Street,Bristol,BS1 1AA,awright1,F
LIB000286,Brown,Lucas,CPL,PT,1970-12-24,lbrown@example.com,07787763143,34 Manor Way,Leicester,LE1 1AA,lbrown,M
LIB000287,Fox,Victoria,CPL,PT,1994-05-26,vfox1@example.com,07703710022,200 School Lane,Cardiff,CF1 1AA,vfox1,F
LIB000288,Morris,Ethan,CPL,PT,1975-01-24,emorris@example.com,07746691811,91 Mill Lane,Sheffield,S1 1AA,emorris,M
LIB000289,Baker,Benjamin,CPL,PT,1987-07-05,bbaker@example.com,07701162093,91 Mill Lane,Nottingham,NG1 1AA,bbaker,M
LIB000290,Davies,Jacob,CPL,PT,1951-05-17,jdavies1@example.com,07766617888,115 Manor Way,Glasgow,G1 1AA,jdavies1,M
LIB000291,Young,Logan,CPL,PT,1958-04-22,lyoung@example.com,07733844721,179 School Lane,Nottingham,NG1 1AA,lyoung,M
LIB000292,Jones,Victoria,CPL,PT,1964-12-03,vjones@example.com,07796744233,21 Mill Lane,Bristol,BS1 1AA,vjones,F
LIB000293,Gibson,Bob,CPL,PT,1991-06-07,bgibson@example.com,07784546993,166 Victoria Road,Cardiff,CF1 1AA,bgibson,M
LIB000294,Morgan,Jackson,CPL,PT,1954-12-14,jmorgan@example.com,07703198441,187 Orchard Way,Birmingham,B1 1BB,jmorgan,M
LIB000295,Cooper,Jacob,CPL,PT,2000-04-10,jcooper@example.com,07763888447,198 Mill Lane,Bradford,BD1 1AA,jcooper,M
LIB000296,Thomas,Bob,CPL,PT,1968-09-13,bthomas@example.com,07792828971,148 Victoria Road,Sheffield,S1 1AA,bthomas,M
LIB000297,Phillips,Jacob,CPL,PT,1990-11-09,jphillips@example.com,07778248094,7 Brook Street,Leicester,LE1 1AA,jphillips,M
LIB000298,Thomas,Jack,CPL,PT,1988-11-22,jthomas1@example.com,07765462618,76 School Lane,Coventry,CV1 1AA,jthomas1,M
LIB000299,Gray,Mia,CPL,PT,1999-12-05,mgray1@example.com,07783030538,102 Elm Close,Cardiff,CF1 1AA,mgray1,F
LIB000300,Edwards,Jack,CPL,PT,1968-11-05,jedwards@example.com,07718295870,87 Church Lane,Liverpool,L1 1AA,jedwards,M
LIB000301,Davies,Jackson,CPL,PT,2001-08-16,jdavies2@example.com,07740543680,86 Castle Road,Nottingham,NG1 1AA,jdavies2,M
LIB000302,Hughes,Sophia,CPL,PT,1978-05-14,shughes@example.com,07705264353,51 Brook Street,Glasgow,G1 1AA,shughes,F
LIB000303,Turner,Ella,CPL,PT,1976-03-05,eturner1@example.com,07716933972,174 Church Lane,Coventry,CV1 1AA,eturner1,F
LIB000304,Thompson,Ryan,CPL,PT,1964-04-11,rthompson@example.com,07782510962,110 Elm Close,Leicester,LE1 1AA,rthompson,M
LIB000305,Edwards,Madison,CPL,PT,1959-12-09,medwards3@example.com,07709494217,168 Orchard Way,Belfast,BT1 1AA,medwards3,F
LIB000306,Shaw,Owen,CPL,PT,2000-06-25,oshaw1@example.com,07790800406,6 High Street,Nottingham,NG1 1AA,oshaw1,M
LIB000307,Allen,Scarlett,CPL,PT,1957-10-15,sallen1@example.com,07740190374,30 Oak Drive,Glasgow,G1 1AA,sallen1,F
LIB000308,Green,Emily,CPL,PT,1959-06-10,egreen1@example.com,07799249919,134 Manor Way,Glasgow,G1 1AA,egreen1,F
LIB000309,Harris,Scarlett,CPL,PT,1959-01-26,sharris1@example.com,07728902308,74 High Street,Cardiff,CF1 1AA,sharris1,F
LIB000310,Taylor,Henry,CPL,PT,1984-03-06,htaylor@example.com,07782733079,105 Castle Road,Bristol,BS1 1AA,htaylor,M
LIB000311,Allen,Daniel,CPL,PT,1958-12-08,dallen@example.com,07770650303,103 School Lane,Coventry,CV1 1AA,dallen,M
LIB000312,Gray,Oliver,CPL,PT,1984-10-08,ogray@example.com,07723653270,103 Elm Close,Cardiff,CF1 1AA,ogray,M
LIB000313,Fleming,Sophia,CPL,PT,2003-01-04,sfleming3@example.com,07760811377,114 Castle Road,Birmingham,B1 1BB,sfleming3,F
LIB000314,Morgan,Henry,CPL,PT,1964-04-05,hmorgan1@example.com,07792928354,156 Elm Close,Cardiff,CF1 1AA,hmorgan1,M
LIB000315,Lewis,Evelyn,CPL,PT,2005-04-20,elewis@example.com,07716924816,21 Park Road,Edinburgh,EH1 1AA,elewis,F
LIB000316,Phillips,Emily,CPL,PT,1980-07-21,ephillips2@example.com,07717828493,108 Mill Lane,Coventry,CV1 1AA,ephillips2,F
LIB000317,Parker,Madison,CPL,PT,1997-09-28,mparker@example.com,07748934856,7 Park Road,Edinburgh,EH1 1AA,mparker,F
LIB000318,Phillips,Aiden,CPL,PT,1972-08-16,aphillips@example.com,07719769483,18 Mill Lane,Sheffield,S1 1AA,aphillips,M
LIB000319,Young,Ryan,CPL,PT,1964-11-12,ryoung@example.com,07703743623,72 The Avenue,Leicester,LE1 1AA,ryoung,M
LIB000320,Morris,Bob,CPL,PT,1952-01-19,bmorris1@example.com,07721585201,171 Orchard Way,Edinburgh,EH1 1AA,bmorris1,M
LIB000321,Davies,Madison,CPL,PT,1950-01-21,mdavies@example.com,07768662397,120 Victoria Road,Liverpool,L1 1AA,mdavies,F
LIB000322,Fleming,Olivia,CPL,PT,1976-05-04,ofleming@example.com,07781175254,147 Park Road,Coventry,CV1 1AA,ofleming,F
LIB000323,Clarke,Owen,CPL,PT,2000-03-18,oclarke1@example.com,07710936383,55 Manor Way,Leeds,LS1 1BA,oclarke1,M
LIB000324,Clarke,Ava,CPL,PT,1972-02-28,aclarke@example.com,07707012425,43 Orchard Way,Glasgow,G1 1AA,aclarke,F
LIB000325,Hughes,Abigail,CPL,PT,1983-10-02,ahughes1@example.com,07782931491,5 Elm Close,Liverpool,L1 1AA,ahughes1,F
LIB000326,Ward,Owen,CPL,PT,1993-10-06,oward@example.com,07722693048,6 Manor Way,Sheffield,S1 1AA,oward,M
LIB000327,Campbell,Benjamin,CPL,PT,2004-08-26,bcampbell@example.com,07708190904,78 Mill Lane,Glasgow,G1 1AA,bcampbell,M
LIB000328,Hill,Jack,CPL,PT,1997-02-15,jhill1@example.com,07713403344,127 Elm Close,Leicester,LE1 1AA,jhill1,M
LIB000329,Thomas,Lucas,CPL,PT,1965-11-26,lthomas@example.com,07734571290,39 School Lane,Edinburgh,EH1 1AA,lthomas,M
LIB000330,Allen,Alice,CPL,PT,1986-04-25,aallen@example.com,07776467347,46 Elm Close,Bristol,BS1 1AA,aallen,F
LIB000331,Watson,Evelyn,CPL,PT,1967-01-09,ewatson@example.com,07771456328,163 Castle Road,Belfast,BT1 1AA,ewatson,F
LIB000332,Morgan,Ethan,CPL,PT,1972-05-19,emorgan1@example.com,07739864472,150 Church Lane,Sheffield,S1 1AA,emorgan1,M
LIB000333,Shaw,Mason,CPL,PT,1995-08-14,mshaw@example.com,07781098888,86 Station Road,Bradford,BD1 1AA,mshaw,M
LIB000334,Allen,Alice,CPL,PT,1998-10-26,aallen1@example.com,07719921846,152 Elm Close,Coventry,CV1 1AA,aallen1,F
LIB000335,Williams,Logan,CPL,PT,1996-12-11,lwilliams@example.com,07732563971,160 Manor Way,Leeds,LS1 1BA,lwilliams,M
LIB000336,Johnson,James,CPL,PT,1983-08-03,jjohnson3@example.com,07749395923,61 Green Lane,Cardiff,CF1 1AA,jjohnson3,M
LIB000337,Robinson,Daniel,CPL,PT,1969-03-17,drobinson1@example.com,07740470739,168 Victoria Road,Glasgow,G1 1AA,drobinson1,M
LIB000338,Fleming,Jacob,CPL,PT,1990-12-01,jfleming@example.com,07714308216,90 Elm Close,Leicester,LE1 1AA,jfleming,M
LIB000339,Evans,Aria,CPL,PT,1966-12-12,aevans1@example.com,07730113460,33 Orchard Way,Liverpool,L1 1AA,aevans1,F
LIB000340,Roberts,Abigail,CPL,PT,1961-01-23,aroberts@example.com,07756040230,151 Mill Lane,Coventry,CV1 1AA,aroberts,F
LIB000341,Cooper,Alice,CPL,PT,1963-04-28,acooper@example.com,07731661315,104 School Lane,Nottingham,NG1 1AA,acooper,F
LIB000342,Roberts,Isabella,CPL,PT,1975-12-10,iroberts@example.com,07715505822,54 Green Lane,Belfast,BT1 1AA,iroberts,F
LIB000343,Jones,Elizabeth,CPL,PT,1983-10-24,ejones2@example.com,07797723993,92 Victoria Road,Leicester,LE1 1AA,ejones2,F
LIB000344,Gibson,Elizabeth,CPL,PT,1992-07-19,egibson2@example.com,07723147098,168 Orchard Way,Bradford,BD1 1AA,egibson2,F
LIB000345,Jackson,Harper,CPL,PT,1950-09-25,hjackson@example.com,07791242204,50 Mill Lane,Birmingham,B1 1BB,hjackson,F
LIB000346,Harris,Scarlett,CPL,PT,1968-02-15,sharris2@example.com,07782845837,110 Mill Lane,Birmingham,B1 1BB,sharris2,F
LIB000347,Jones,Evelyn,CPL,PT,2000-01-25,ejones3@example.com,07700492542,47 Manor Way,Bradford,BD1 1AA,ejones3,F
LIB000348,Phillips,Jack,CPL,PT,1994-04-08,jphillips1@example.com,07720869296,139 Station Road,Belfast,BT1 1AA,jphillips1,M
LIB000349,Rice,Emma,CPL,PT,1955-04-10,erice1@example.com,07708617894,109 Park Road,Nottingham,NG1 1AA,erice1,F
LIB000350,Jones,Emma,CPL,PT,1980-09-15,ejones4@example.com,07790719094,86 The Avenue,Bristol,BS1 1AA,ejones4,F
LIB000351,Wilson,Alexander,CPL,PT,1999-11-04,awilson@example.com,07715471298,133 Orchard Way,Birmingham,B1 1BB,awilson,M
LIB000352,Clarke,Emma,CPL,PT,1983-03-13,eclarke1@example.com,07779100205,123 Victoria Road,Edinburgh,EH1 1AA,eclarke1,F
LIB000353,Moore,Isabella,CPL,PT,2002-07-06,imoore@example.com,07768803650,160 Oak Drive,Bristol,BS1 1AA,imoore,F
LIB000354,Phillips,Oliver,CPL,PT,1972-09-08,ophillips1@example.com,07772354942,185 Victoria Road,Leeds,LS1 1BA,ophillips1,M
LIB000355,Turner,Owen,CPL,PT,1980-05-18,oturner@example.com,07729175799,71 Oak Drive,Birmingham,B1 1BB,oturner,M
LIB000356,Morgan,Charlotte,CPL,PT,2001-03-19,cmorgan@example.com,07784015729,86 Park Road,Nottingham,NG1 1AA,cmorgan,F
LIB000357,Robinson,Mason,CPL,PT,1990-06-26,mrobinson1@example.com,07769597340,11 Orchard Way,Glasgow,G1 1AA,mrobinson1,M
LIB000358,Wood,William,CPL,PT,1960-12-23,wwood@example.com,07746750652,61 Park Road,Birmingham,B1 1BB,wwood,M
LIB000359,Morgan,Owen,CPL,PT,1965-04-16,omorgan@example.com,07742921467,165 Church Lane,London,EC1A 1BB,omorgan,M
LIB000360,Williams,Mia,CPL,PT,1967-09-24,mwilliams@example.com,07742462204,59 Park Road,Sheffield,S1 1AA,mwilliams,F
LIB000361,Allen,Alexander,CPL,PT,1981-10-02,aallen2@example.com,07711099357,129 Church Lane,Coventry,CV1 1AA,aallen2,M
LIB000362,Ward,Ethan,CPL,PT,1960-09-17,eward@example.com,07731930371,109 The Avenue,Liverpool,L1 1AA,eward,M
LIB000363,Ward,Harper,CPL,PT,2004-05-07,hward@example.com,07756886655,125 Orchard Way,Cardiff,CF1 1AA,hward,F
LIB000364,Bryant,Logan,CPL,PT,1971-04-07,lbryant@example.com,07789846263,64 Elm Close,Glasgow,G1 1AA,lbryant,M
LIB000365,Johnson,Alice,CPL,PT,1991-10-21,ajohnson1@example.com,07756148246,80 High Street,Leicester,LE1 1AA,ajohnson1,F
LIB000366,Green,Sofia,CPL,PT,2005-04-20,sgreen1@example.com,07797721058,128 Park Road,Nottingham,NG1 1AA,sgreen1,F
LIB000367,Moore,Elizabeth,CPL,PT,1962-10-19,emoore1@example.com,07706702452,151 School Lane,Bristol,BS1 1AA,emoore1,F
LIB000368,Evans,Victoria,CPL,PT,1999-04-21,vevans@example.com,07726504400,143 Victoria Road,Leicester,LE1 1AA,vevans,F
LIB000369,Smith,Amelia,CPL,PT,2002-01-01,asmith2@example.com,07761342469,167 Mill Lane,Glasgow,G1 1AA,asmith2,F
LIB000370,Wilson,Ella,CPL,PT,1998-09-16,ewilson1@example.com,07718435416,84 School Lane,Manchester,M1 2AB,ewilson1,F
LIB000371,Jackson,Daniel,CPL,PT,1979-12-21,djackson@example.com,07735466357,16 High Street,Leeds,LS1 1BA,djackson,M
LIB000372,Morris,Scarlett,CPL,PT,1971-11-18,smorris@example.com,07758185029,42 Mill Lane,Coventry,CV1 1AA,smorris,F
LIB000373,Hill,Benjamin,CPL,PT,1979-05-15,bhill@example.com,07741348937,25 Manor Way,Leicester,LE1 1AA,bhill,M
LIB000374,Watson,Victoria,CPL,PT,1986-05-19,vwatson@example.com,07790465789,158 Station Road,Nottingham,NG1 1AA,vwatson,F
LIB000375,Morgan,Jackson,CPL,PT,2003-10-24,jmorgan1@example.com,07748957549,103 Green Lane,Glasgow,G1 1AA,jmorgan1,M
LIB000376,Gibson,Aiden,CPL,PT,1973-04-04,agibson1@example.com,07757192275,121 Elm Close,Bradford,BD1 1AA,agibson1,M
LIB000377,Wilson,Abigail,CPL,PT,1997-06-15,awilson1@example.com,07745528183,63 Oak Drive,Bradford,BD1 1AA,awilson1,F
LIB000378,Morgan,Ava,CPL,PT,1963-08-21,amorgan3@example.com,07709994633,8 Manor Way,Liverpool,L1 1AA,amorgan3,F
LIB000379,Roberts,Alice,CPL,PT,2001-09-16,aroberts1@example.com,07708085697,100 Mill Lane,Cardiff,CF1 1AA,aroberts1,F
LIB000380,Powell,Owen,CPL,PT,2005-06-10,opowell1@example.com,07712399188,55 Brook Street,Coventry,CV1 1AA,opowell1,M
LIB000381,Hall,Ethan,CPL,PT,1956-02-08,ehall1@example.com,07713118028,113 Brook Street,Sheffield,S1 1AA,ehall1,M
LIB000382,Rice,Abigail,CPL,PT,1994-01-07,arice@example.com,07712125794,34 Orchard Way,Belfast,BT1 1AA,arice,F
LIB000383,Clarke,Alice,CPL,PT,1985-03-04,aclarke1@example.com,07723357803,91 Church Lane,Liverpool,L1 1AA,aclarke1,F
LIB000384,Roberts,Owen,CPL,PT,1971-08-21,oroberts@example.com,07771815472,18 Mill Lane,Coventry,CV1 1AA,oroberts,M
LIB000385,Wright,Emma,CPL,PT,1991-09-10,ewright1@example.com,07774559626,10 Park Road,Leeds,LS1 1BA,ewright1,F
LIB000386,Gray,Bob,CPL,PT,1997-01-04,bgray@example.com,07726976436,87 School Lane,Sheffield,S1 1AA,bgray,M
LIB000387,Brown,Mason,CPL,PT,1962-06-12,mbrown@example.com,07726866474,151 High Street,Coventry,CV1 1AA,mbrown,M
LIB000388,Green,Ava,CPL,PT,1964-03-17,agreen3@example.com,07772521965,9 Park Road,Manchester,M1 2AB,agreen3,F
LIB000389,Thomas,Owen,CPL,PT,2001-07-06,othomas1@example.com,07779010350,99 Oak Drive,Birmingham,B1 1BB,othomas1,M
LIB000390,Scott,Sebastian,CPL,PT,1998-05-01,sscott1@example.com,07785500839,83 Green Lane,Sheffield,S1 1AA,sscott1,M
LIB000391,Jackson,Aiden,CPL,PT,1972-09-13,ajackson1@example.com,07777367008,195 Green Lane,Bradford,BD1 1AA,ajackson1,M
LIB000392,Gray,Isabella,CPL,PT,1967-07-01,igray@example.com,07779773331,63 Park Road,Manchester,M1 2AB,igray,F
LIB000393,Hall,Ethan,CPL,PT,1988-07-13,ehall2@example.com,07788877545,77 Castle Road,Leeds,LS1 1BA,ehall2,M
LIB000394,Fox,Aria,CPL,PT,1961-04-15,afox1@example.com,07742594370,192 Elm Close,Nottingham,NG1 1AA,afox1,F
LIB000395,Fox,Sofia,CPL,PT,1983-04-22,sfox1@example.com,07737902406,147 High Street,Leeds,LS1 1BA,sfox1,F
LIB000396,Phillips,Jack,CPL,PT,1977-05-16,jphillips2@example.com,07729425692,53 Orchard Way,Glasgow,G1 1AA,jphillips2,M
LIB000397,Smith,Elizabeth,CPL,PT,1951-11-19,esmith1@example.com,07772979628,118 Station Road,Sheffield,S1 1AA,esmith1,F
LIB000398,Allen,Aria,CPL,PT,1950-10-18,aallen3@example.com,07734370833,198 High Street,Manchester,M1 2AB,aallen3,F
LIB000399,Allen,James,CPL,PT,1951-05-20,jallen@example.com,07719262046,177 Elm Close,Leicester,LE1 1AA,jallen,M
LIB000400,Davies,Ava,CPL,PT,1960-01-14,adavies@example.com,07740641762,94 Elm Close,Bristol,BS1 1AA,adavies,F
LIB000401,Ward,Victoria,CPL,PT,1953-03-21,vward@example.com,07730702652,70 Elm Close,Coventry,CV1 1AA,vward,F
LIB000402,Morris,Aria,CPL,PT,1984-11-01,amorris1@example.com,07741049604,57 Orchard Way,Cardiff,CF1 1AA,amorris1,F
LIB000403,Edwards,Benjamin,CPL,PT,1953-03-15,bedwards@example.com,07792440527,45 The Avenue,Liverpool,L1 1AA,bedwards,M
LIB000404,Walker,Ryan,CPL,PT,1985-04-14,rwalker@example.com,07716030172,190 Castle Road,Leicester,LE1 1AA,rwalker,M
LIB000405,Roberts,Ava,CPL,PT,2001-11-18,aroberts2@example.com,07717883650,164 Castle Road,Sheffield,S1 1AA,aroberts2,F
LIB000406,Cooper,William,CPL,PT,1951-12-18,wcooper@example.com,07706487656,58 Green Lane,Manchester,M1 2AB,wcooper,M
LIB000407,Rice,Ethan,CPL,PT,1952-12-18,erice2@example.com,07790845009,76 School Lane,Bristol,BS1 1AA,erice2,M
LIB000408,Ward,Jackson,CPL,PT,1968-08-09,jward3@example.com,07773706443,187 Mill Lane,Bradford,BD1 1AA,jward3,M
LIB000409,Thomas,Scarlett,CPL,PT,1968-06-03,sthomas1@example.com,07718151421,104 Manor Way,Bristol,BS1 1AA,sthomas1,F
LIB000410,Fox,Sofia,CPL,PT,1998-07-18,sfox2@example.com,07733217757,87 Mill Lane,Glasgow,G1 1AA,sfox2,F
LIB000411,Roberts,Emma,CPL,PT,1983-09-24,eroberts1@example.com,07747693164,26 Brook Street,Liverpool,L1 1AA,eroberts1,F
LIB000412,Wright,Alexander,CPL,PT,1969-02-23,awright2@example.com,07732184737,63 High Street,Belfast,BT1 1AA,awright2,M
LIB000413,Murray,Daniel,CPL,PT,1983-05-10,dmurray@example.com,07761755898,102 High Street,Birmingham,B1 1BB,dmurray,M
LIB000414,Baker,Emily,CPL,PT,1980-06-18,ebaker@example.com,07772268583,169 Victoria Road,Glasgow,G1 1AA,ebaker,F
LIB000415,Baker,Jacob,CPL,PT,1986-07-10,jbaker@example.com,07757799334,7 Victoria Road,Liverpool,L1 1AA,jbaker,M
LIB000416,Moore,Mason,CPL,PT,1953-07-20,mmoore1@example.com,07706199081,127 High Street,Glasgow,G1 1AA,mmoore1,M
LIB000417,Green,Ethan,CPL,PT,1956-04-18,egreen2@example.com,07767093711,24 Brook Street,Manchester,M1 2AB,egreen2,M
LIB000418,Thomas,Harper,CPL,PT,1983-02-11,hthomas1@example.com,07754451218,196 Church Lane,Birmingham,B1 1BB,hthomas1,F
LIB000419,Thomas,Sofia,CPL,PT,2000-10-21,sthomas2@example.com,07761791096,164 Castle Road,Coventry,CV1 1AA,sthomas2,F
LIB000420,Ward,Elizabeth,CPL,PT,1979-06-09,eward1@example.com,07768131456,50 Station Road,Bradford,BD1 1AA,eward1,F
LIB000421,Morgan,Harper,CPL,PT,1996-06-20,hmorgan2@example.com,07707179041,111 Church Lane,Nottingham,NG1 1AA,hmorgan2,F
LIB000422,Wilson,Amelia,CPL,PT,1977-09-08,awilson2@example.com,07781743391,137 Brook Street,Bristol,BS1 1AA,awilson2,F
LIB000423,Morris,Emma,CPL,PT,1971-09-15,emorris1@example.com,07753923185,92 Church Lane,Bradford,BD1 1AA,emorris1,F
LIB000424,Moore,Owen,CPL,PT,1973-07-01,omoore@example.com,07713390162,68 Mill Lane,Nottingham,NG1 1AA,omoore,M
LIB000425,Evans,Mia,CPL,PT,2000-01-06,mevans@example.com,07770846741,49 Mill Lane,Birmingham,B1 1BB,mevans,F
LIB000426,Wood,Abigail,CPL,PT,1965-11-27,awood@example.com,07735265604,43 Church Lane,Nottingham,NG1 1AA,awood,F
LIB000427,Fleming,Ryan,CPL,PT,1961-01-18,rfleming@example.com,07703271126,130 Elm Close,Glasgow,G1 1AA,rfleming,M
LIB000428,Green,Aiden,CPL,PT,1976-01-17,agreen4@example.com,07713673256,88 Victoria Road,Glasgow,G1 1AA,agreen4,M
LIB000429,Phillips,James,CPL,PT,1983-10-18,jphillips3@example.com,07756152712,45 Park Road,Liverpool,L1 1AA,jphillips3,M
LIB000430,Roberts,Ava,CPL,PT,1977-06-24,aroberts3@example.com,07750139981,162 Elm Close,London,EC1A 1BB,aroberts3,F
LIB000431,Johnson,Samuel,CPL,PT,1967-10-27,sjohnson1@example.com,07741666577,102 Brook Street,Nottingham,NG1 1AA,sjohnson1,M
LIB000432,Davies,Owen,CPL,PT,1982-10-16,odavies1@example.com,07760335955,138 Elm Close,Coventry,CV1 1AA,odavies1,M
LIB000433,Wood,Ethan,CPL,PT,1981-11-03,ewood2@example.com,07792372667,39 Station Road,Sheffield,S1 1AA,ewood2,M
LIB000434,Ward,Jacob,CPL,PT,1969-08-13,jward4@example.com,07751446573,112 Oak Drive,Bradford,BD1 1AA,jward4,M
LIB000435,Turner,Jack,CPL,PT,1955-11-08,jturner1@example.com,07771320513,64 Manor Way,Birmingham,B1 1BB,jturner1,M
LIB000436,Parker,Victoria,CPL,PT,1972-01-08,vparker@example.com,07761131025,85 Oak Drive,Nottingham,NG1 1AA,vparker,F
LIB000437,Watson,Isabella,CPL,PT,1970-08-21,iwatson@example.com,07776196049,116 Castle Road,Nottingham,NG1 1AA,iwatson,F
LIB000438,Baker,Ryan,CPL,PT,1988-02-14,rbaker@example.com,07753489074,148 Station Road,Manchester,M1 2AB,rbaker,M
LIB000439,Gray,Madison,CPL,PT,1977-02-15,mgray2@example.com,07771440840,173 Manor Way,Leicester,LE1 1AA,mgray2,F
LIB000440,Evans,Mia,CPL,PT,1984-10-26,mevans1@example.com,07723781253,132 Elm Close,Glasgow,G1 1AA,mevans1,F
LIB000441,Evans,Victoria,CPL,PT,1969-09-25,vevans1@example.com,07763215222,72 Church Lane,Coventry,CV1 1AA,vevans1,F
LIB000442,Smith,Oliver,CPL,PT,1950-05-17,osmith@example.com,07751705031,148 School Lane,Sheffield,S1 1AA,osmith,M
LIB000443,Williams,Olivia,CPL,PT,1979-09-27,owilliams@example.com,07792213766,164 Castle Road,Manchester,M1 2AB,owilliams,F
LIB000444,Edwards,Charlotte,CPL,PT,1987-07-19,cedwards@example.com,07774672422,26 Victoria Road,Glasgow,G1 1AA,cedwards,F
LIB000445,Brown,Charlotte,CPL,PT,2002-10-13,cbrown@example.com,07787398704,119 Victoria Road,Bradford,BD1 1AA,cbrown,F
LIB000446,Wood,Harper,CPL,PT,2003-03-18,hwood@example.com,07765037552,128 Orchard Way,Birmingham,B1 1BB,hwood,F
LIB000447,Campbell,Emily,CPL,PT,1951-12-09,ecampbell1@example.com,07740336715,107 Manor Way,London,EC1A 1BB,ecampbell1,F
LIB000448,Clarke,Lucas,CPL,PT,1992-01-28,lclarke@example.com,07769655711,141 Oak Drive,Bradford,BD1 1AA,lclarke,M
LIB000449,Powell,Ethan,CPL,PT,1980-11-25,epowell@example.com,07742928944,148 Mill Lane,Bradford,BD1 1AA,epowell,M
LIB000450,Phillips,Charlotte,CPL,PT,1982-11-12,cphillips@example.com,07700949447,8 Orchard Way,London,EC1A 1BB,cphillips,F
LIB000451,Evans,Mason,CPL,PT,1964-11-28,mevans2@example.com,07715515708,14 The Avenue,Sheffield,S1 1AA,mevans2,M
LIB000452,Parker,Aria,CPL,PT,1959-10-24,aparker1@example.com,07790182226,43 School Lane,Manchester,M1 2AB,aparker1,F
LIB000453,Young,Ethan,CPL,PT,1991-11-05,eyoung2@example.com,07757426430,140 Victoria Road,Coventry,CV1 1AA,eyoung2,M
LIB000454,White,Mason,CPL,PT,2000-11-09,mwhite@example.com,07726961676,153 School Lane,Bristol,BS1 1AA,mwhite,M
LIB000455,Robinson,Logan,CPL,PT,1969-02-02,lrobinson@example.com,07722795310,169 The Avenue,Belfast,BT1 1AA,lrobinson,M
LIB000456,Clarke,Ava,CPL,PT,1973-08-13,aclarke2@example.com,07708958831,161 Brook Street,Manchester,M1 2AB,aclarke2,F
LIB000457,Rice,Harper,CPL,PT,1978-12-08,hrice@example.com,07760748576,154 Oak Drive,Leeds,LS1 1BA,hrice,F
LIB000458,Wright,William,CPL,PT,1972-04-11,wwright@example.com,07765264695,157 Orchard Way,Leeds,LS1 1BA,wwright,M
LIB000459,Evans,Evelyn,CPL,PT,1981-04-01,eevans@example.com,07768897838,161 High Street,Cardiff,CF1 1AA,eevans,F
LIB000460,Morris,Benjamin,CPL,PT,1965-04-11,bmorris2@example.com,07780783001,18 Elm Close,Manchester,M1 2AB,bmorris2,M
LIB000461,Thompson,Evelyn,CPL,PT,2005-08-19,ethompson3@example.com,07758594950,80 Church Lane,Bradford,BD1 1AA,ethompson3,F
LIB000462,Wood,Logan,CPL,PT,2000-01-05,lwood@example.com,07749331662,117 Mill Lane,Glasgow,G1 1AA,lwood,M
LIB000463,Wood,Ava,CPL,PT,1990-05-05,awood1@example.com,07765738315,154 Oak Drive,Birmingham,B1 1BB,awood1,F
LIB000464,Wright,Alexander,CPL,PT,1991-05-19,awright3@example.com,07768504904,116 Brook Street,Glasgow,G1 1AA,awright3,M
LIB000465,Wilson,Isabella,CPL,PT,1988-05-19,iwilson@example.com,07708448595,15 Oak Drive,Birmingham,B1 1BB,iwilson,F
LIB000466,Watson,Jacob,CPL,PT,1995-06-09,jwatson1@example.com,07750598686,75 School Lane,Manchester,M1 2AB,jwatson1,M
LIB000467,Jones,Owen,CPL,PT,1977-06-05,ojones2@example.com,07704818546,1 Oak Drive,Birmingham,B1 1BB,ojones2,M
LIB000468,Walker,Alice,CPL,PT,1983-12-11,awalker@example.com,07772665003,37 Mill Lane,Liverpool,L1 1AA,awalker,F
LIB000469,Fox,Jack,CPL,PT,1955-10-14,jfox@example.com,07716551919,79 The Avenue,Coventry,CV1 1AA,jfox,M
LIB000470,Morgan,Henry,CPL,PT,1960-02-12,hmorgan3@example.com,07703783962,52 Elm Close,Bradford,BD1 1AA,hmorgan3,M
LIB000471,Brown,Victoria,CPL,PT,1956-01-21,vbrown1@example.com,07726877700,109 Church Lane,Sheffield,S1 1AA,vbrown1,F
LIB000472,Watson,Aria,CPL,PT,2005-11-02,awatson@example.com,07796292371,102 Park Road,Glasgow,G1 1AA,awatson,F
LIB000473,Robinson,Oliver,CPL,PT,1988-11-16,orobinson3@example.com,07796966481,134 High Street,Nottingham,NG1 1AA,orobinson3,M
LIB000474,Hall,Elizabeth,CPL,PT,1996-11-11,ehall3@example.com,07703750234,158 High Street,Glasgow,G1 1AA,ehall3,F
LIB000475,Moore,William,CPL,PT,1967-08-11,wmoore@example.com,07735530173,6 Elm Close,Edinburgh,EH1 1AA,wmoore,M
LIB000476,Watson,Aria,CPL,PT,1953-10-07,awatson1@example.com,07756178508,10 Station Road,Sheffield,S1 1AA,awatson1,F
LIB000477,Thompson,Sophia,CPL,PT,1954-02-06,sthompson1@example.com,07730829536,190 School Lane,Liverpool,L1 1AA,sthompson1,F
LIB000478,Morris,Alexander,CPL,PT,1992-04-02,amorris2@example.com,07789823843,45 Park Road,Belfast,BT1 1AA,amorris2,M
LIB000479,Ward,Olivia,CPL,PT,2000-12-06,oward1@example.com,07732492615,182 School Lane,Belfast,BT1 1AA,oward1,F
LIB000480,Edwards,James,CPL,PT,1989-07-03,jedwards1@example.com,07734339662,39 Mill Lane,Nottingham,NG1 1AA,jedwards1,M
LIB000481,Shaw,Abigail,CPL,PT,1970-09-20,ashaw@example.com,07771554479,11 Church Lane,Glasgow,G1 1AA,ashaw,F
LIB000482,Allen,Olivia,CPL,PT,1982-05-23,oallen@example.com,07751321621,13 Elm Close,Leicester,LE1 1AA,oallen,F
LIB000483,Brown,Lucas,CPL,PT,1956-07-21,lbrown1@example.com,07775302448,180 Orchard Way,Nottingham,NG1 1AA,lbrown1,M
LIB000484,Campbell,Sophia,CPL,PT,1978-03-17,scampbell@example.com,07784490801,70 Oak Drive,Cardiff,CF1 1AA,scampbell,F
LIB000485,White,Sophia,CPL,PT,1952-10-15,swhite1@example.com,07772203055,185 Mill Lane,Cardiff,CF1 1AA,swhite1,F
LIB000486,Bryant,Bob,CPL,PT,1963-01-27,bbryant@example.com,07771434613,37 Orchard Way,London,EC1A 1BB,bbryant,M
LIB000487,Thompson,Jackson,CPL,PT,1994-05-15,jthompson@example.com,07705592566,117 Church Lane,Coventry,CV1 1AA,jthompson,M
LIB000488,Martin,Alexander,CPL,PT,2003-09-11,amartin1@example.com,07761292904,122 Castle Road,Nottingham,NG1 1AA,amartin1,M
LIB000489,Ward,Bob,CPL,PT,1987-01-03,bward2@example.com,07765956336,17 Station Road,Bradford,BD1 1AA,bward2,M
LIB000490,Evans,Jack,CPL,PT,1962-06-15,jevans@example.com,07793839007,189 Victoria Road,Sheffield,S1 1AA,jevans,M
LIB000491,Turner,James,CPL,PT,1988-05-28,jturner2@example.com,07711056086,183 High Street,Coventry,CV1 1AA,jturner2,M
LIB000492,Bryant,Mason,CPL,PT,1994-07-24,mbryant@example.com,07799652385,133 Mill Lane,Cardiff,CF1 1AA,mbryant,M
LIB000493,Morgan,Mason,CPL,PT,1985-07-27,mmorgan1@example.com,07712811460,116 Park Road,Leeds,LS1 1BA,mmorgan1,M
LIB000494,Powell,Emily,CPL,PT,1971-02-22,epowell1@example.com,07744804618,195 Park Road,Bradford,BD1 1AA,epowell1,F
LIB000495,Taylor,Ava,CPL,PT,1964-07-17,ataylor@example.com,07797776114,92 Mill Lane,Sheffield,S1 1AA,ataylor,F
LIB000496,Phillips,Ryan,CPL,PT,1972-02-26,rphillips1@example.com,07720665865,34 Castle Road,Liverpool,L1 1AA,rphillips1,M
LIB000497,Walker,Olivia,CPL,PT,1959-03-06,owalker@example.com,07720402465,105 High Street,London,EC1A 1BB,owalker,F
LIB000498,Murray,William,CPL,PT,1997-04-18,wmurray@example.com,07717356234,62 High Street,Bradford,BD1 1AA,wmurray,M
LIB000499,Cooper,Lucas,CPL,PT,1983-09-22,lcooper1@example.com,07793275520,85 Church Lane,Leicester,LE1 1AA,lcooper1,M
LIB000500,Williams,James,CPL,PT,2004-04-13,jwilliams1@example.com,07726514597,146 Brook Street,Cardiff,CF1 1AA,jwilliams1,M
